{
	"partitions" : [
		{
			"name" : "Top",
			"pins" : [
				{
					"name" : "UART_TXD",
					"strict" : false
				},
				{
					"name" : "SRAM_WE_N",
					"strict" : false
				},
				{
					"name" : "VGA_CLK",
					"strict" : false
				},
				{
					"name" : "GPIO[35]",
					"strict" : false
				},
				{
					"name" : "VGA_R[7]",
					"strict" : false
				},
				{
					"name" : "VGA_R[6]",
					"strict" : false
				},
				{
					"name" : "VGA_R[5]",
					"strict" : false
				},
				{
					"name" : "VGA_R[4]",
					"strict" : false
				},
				{
					"name" : "VGA_R[3]",
					"strict" : false
				},
				{
					"name" : "VGA_R[2]",
					"strict" : false
				},
				{
					"name" : "VGA_R[1]",
					"strict" : false
				},
				{
					"name" : "VGA_R[0]",
					"strict" : false
				},
				{
					"name" : "HEX0[6]",
					"strict" : false
				},
				{
					"name" : "HEX0[5]",
					"strict" : false
				},
				{
					"name" : "HEX0[4]",
					"strict" : false
				},
				{
					"name" : "HEX0[3]",
					"strict" : false
				},
				{
					"name" : "HEX0[2]",
					"strict" : false
				},
				{
					"name" : "HEX0[1]",
					"strict" : false
				},
				{
					"name" : "HEX0[0]",
					"strict" : false
				},
				{
					"name" : "HEX1[6]",
					"strict" : false
				},
				{
					"name" : "HEX1[5]",
					"strict" : false
				},
				{
					"name" : "HEX1[4]",
					"strict" : false
				},
				{
					"name" : "HEX1[3]",
					"strict" : false
				},
				{
					"name" : "HEX1[2]",
					"strict" : false
				},
				{
					"name" : "HEX1[1]",
					"strict" : false
				},
				{
					"name" : "HEX1[0]",
					"strict" : false
				},
				{
					"name" : "LEDG[7]",
					"strict" : false
				},
				{
					"name" : "LEDG[6]",
					"strict" : false
				},
				{
					"name" : "LEDG[5]",
					"strict" : false
				},
				{
					"name" : "LEDG[4]",
					"strict" : false
				},
				{
					"name" : "LEDG[3]",
					"strict" : false
				},
				{
					"name" : "LEDG[2]",
					"strict" : false
				},
				{
					"name" : "LEDG[1]",
					"strict" : false
				},
				{
					"name" : "LEDG[0]",
					"strict" : false
				},
				{
					"name" : "LEDR[1]",
					"strict" : false
				},
				{
					"name" : "SRAM_ADDR[19]",
					"strict" : false
				},
				{
					"name" : "SRAM_ADDR[18]",
					"strict" : false
				},
				{
					"name" : "SRAM_ADDR[17]",
					"strict" : false
				},
				{
					"name" : "SRAM_ADDR[16]",
					"strict" : false
				},
				{
					"name" : "SRAM_ADDR[15]",
					"strict" : false
				},
				{
					"name" : "SRAM_ADDR[14]",
					"strict" : false
				},
				{
					"name" : "SRAM_ADDR[13]",
					"strict" : false
				},
				{
					"name" : "SRAM_ADDR[12]",
					"strict" : false
				},
				{
					"name" : "SRAM_ADDR[11]",
					"strict" : false
				},
				{
					"name" : "SRAM_ADDR[10]",
					"strict" : false
				},
				{
					"name" : "SRAM_ADDR[9]",
					"strict" : false
				},
				{
					"name" : "SRAM_ADDR[8]",
					"strict" : false
				},
				{
					"name" : "SRAM_ADDR[7]",
					"strict" : false
				},
				{
					"name" : "SRAM_ADDR[6]",
					"strict" : false
				},
				{
					"name" : "SRAM_ADDR[5]",
					"strict" : false
				},
				{
					"name" : "SRAM_ADDR[4]",
					"strict" : false
				},
				{
					"name" : "SRAM_ADDR[3]",
					"strict" : false
				},
				{
					"name" : "SRAM_ADDR[2]",
					"strict" : false
				},
				{
					"name" : "SRAM_ADDR[1]",
					"strict" : false
				},
				{
					"name" : "SRAM_ADDR[0]",
					"strict" : false
				},
				{
					"name" : "SRAM_DQ[7]",
					"strict" : false
				},
				{
					"name" : "SRAM_DQ[6]",
					"strict" : false
				},
				{
					"name" : "SRAM_DQ[5]",
					"strict" : false
				},
				{
					"name" : "SRAM_DQ[4]",
					"strict" : false
				},
				{
					"name" : "SRAM_DQ[3]",
					"strict" : false
				},
				{
					"name" : "SRAM_DQ[2]",
					"strict" : false
				},
				{
					"name" : "SRAM_DQ[1]",
					"strict" : false
				},
				{
					"name" : "SRAM_DQ[0]",
					"strict" : false
				},
				{
					"name" : "UART_RXD",
					"strict" : false
				},
				{
					"name" : "SW[0]",
					"strict" : false
				},
				{
					"name" : "UART_CTS",
					"strict" : false
				},
				{
					"name" : "CLOCK_50",
					"strict" : false
				},
				{
					"name" : "KEY[0]",
					"strict" : false
				}
			]
		}
	]
}